worksheet_id,worksheet_name,subject,question_number,correct_answer
wksht_id_44473,4_wksht_0,Math,20,C
wksht_id_30724,4_wksht_9,Math,18,C
wksht_id_77521,5_wksht_2,Math,20,NC
wksht_id_31646,2_wksht_6,Math,20,C
wksht_id_93471,5_wksht_1,Math,17,NC
wksht_id_50951,5_wksht_5,Science,20,C
wksht_id_35689,4_wksht_7,Science,20,C
wksht_id_58922,5_wksht_0,Science,19,NC
wksht_id_75837,4_wksht_1,Science,19,NC
wksht_id_58371,3_wksht_7,Math,20,NC
wksht_id_73314,5_wksht_7,Math,20,C
wksht_id_84906,5_wksht_9,Math,20,C
wksht_id_03851,3_wksht_5,Math,17,NC
wksht_id_48864,5_wksht_4,History,19,NC
wksht_id_16459,4_wksht_9,History,19,NC
wksht_id_03876,2_wksht_9,Science,17,C
wksht_id_46807,4_wksht_2,History,20,C
wksht_id_85935,5_wksht_5,History,19,C
wksht_id_13164,5_wksht_4,History,20,NC
wksht_id_94370,5_wksht_2,History,16,C
wksht_id_28029,5_wksht_7,Science,18,C
wksht_id_64707,5_wksht_7,Science,19,NC
wksht_id_70367,5_wksht_5,Science,20,C
wksht_id_68343,5_wksht_7,Math,19,NC
wksht_id_21048,4_wksht_3,History,20,C
wksht_id_68684,4_wksht_9,History,20,NC
wksht_id_88695,5_wksht_5,Math,20,C
wksht_id_27999,5_wksht_1,Science,17,C
wksht_id_35620,4_wksht_6,Science,17,NC
wksht_id_95615,5_wksht_2,Math,19,NC
wksht_id_76487,5_wksht_3,Math,19,NC
wksht_id_13583,5_wksht_4,History,20,NC
wksht_id_61221,4_wksht_4,History,20,NC
wksht_id_64064,4_wksht_2,Math,15,NC
wksht_id_27998,2_wksht_6,Science,20,C
wksht_id_88976,5_wksht_4,Math,20,NC
wksht_id_75919,5_wksht_3,Math,20,C
wksht_id_61287,2_wksht_0,History,20,C
wksht_id_39677,3_wksht_2,History,20,NC
wksht_id_43996,1_wksht_5,History,20,C
wksht_id_60114,4_wksht_6,History,20,C
wksht_id_53279,4_wksht_8,Math,17,C
wksht_id_23231,5_wksht_5,History,16,C
wksht_id_64549,5_wksht_5,Science,17,NC
wksht_id_78198,2_wksht_9,History,18,NC
wksht_id_01457,5_wksht_4,History,18,NC
wksht_id_64064,4_wksht_9,History,20,NC
wksht_id_15453,1_wksht_1,Math,19,NC
wksht_id_93146,5_wksht_0,Science,20,C
wksht_id_13361,5_wksht_4,History,20,C
wksht_id_38524,5_wksht_8,History,20,NC
wksht_id_32013,4_wksht_7,History,18,C
wksht_id_39296,4_wksht_2,History,20,C
wksht_id_16858,5_wksht_5,History,13,C
wksht_id_69228,5_wksht_1,History,19,C
wksht_id_00775,3_wksht_4,Math,15,NC
wksht_id_69841,5_wksht_4,History,19,C
wksht_id_45692,5_wksht_3,Math,18,C
wksht_id_51123,3_wksht_0,Math,19,C
wksht_id_36628,4_wksht_8,Math,19,C
wksht_id_20265,5_wksht_6,History,18,C
wksht_id_80591,4_wksht_6,Math,20,NC
wksht_id_23008,3_wksht_2,Math,20,NC
wksht_id_60281,4_wksht_8,History,17,NC
wksht_id_79019,4_wksht_9,Science,19,C
wksht_id_19450,4_wksht_9,History,20,NC
wksht_id_02952,3_wksht_8,Science,16,NC
wksht_id_96614,5_wksht_7,Science,20,C
wksht_id_16470,5_wksht_3,History,20,C
wksht_id_01309,3_wksht_2,Science,20,NC
wksht_id_93778,3_wksht_1,History,20,NC
wksht_id_53598,3_wksht_3,Science,20,NC
wksht_id_79757,5_wksht_1,Science,20,C
wksht_id_67192,1_wksht_8,History,20,NC
wksht_id_70912,5_wksht_1,Science,19,C
wksht_id_82634,5_wksht_2,Science,20,C
wksht_id_93798,4_wksht_4,Science,15,NC
wksht_id_78986,5_wksht_3,History,20,C
wksht_id_30013,5_wksht_7,Science,20,NC
wksht_id_68173,4_wksht_5,Math,17,C
wksht_id_76978,4_wksht_6,History,20,NC
wksht_id_29892,5_wksht_3,History,17,C
wksht_id_07733,4_wksht_5,Science,20,C
wksht_id_11388,5_wksht_8,History,18,C
wksht_id_58841,4_wksht_0,History,17,C
wksht_id_44357,2_wksht_6,Math,20,NC
wksht_id_80499,4_wksht_2,Math,18,NC
wksht_id_58772,1_wksht_2,Math,20,NC
wksht_id_15706,3_wksht_1,Science,20,C
wksht_id_83663,2_wksht_2,History,20,NC
wksht_id_59412,5_wksht_4,History,16,C
wksht_id_86473,5_wksht_7,History,18,NC
wksht_id_69301,4_wksht_1,Science,20,C
wksht_id_80671,3_wksht_7,History,20,C
wksht_id_91136,3_wksht_5,History,20,NC
wksht_id_24028,5_wksht_4,History,19,NC
wksht_id_11883,4_wksht_5,History,19,C
wksht_id_13043,K_wksht_9,Math,20,C
wksht_id_20971,2_wksht_8,History,14,NC
wksht_id_32896,4_wksht_0,History,19,C
