worksheet_id,person_name,person_id,question_number,responses,week,grade_level
wksht_73591312,Devy Lorek,person_1903,15,NC,42,5
wksht_46371415,Nolie Halsworth,person_6132,1,NC,4,6
wksht_60863141,Thalia Milmore,person_5679,19,NC,32,K
wksht_14206885,Quincey Rubinshtein,person_7727,1,NC,32,5
wksht_56973319,Konstantine Hallahan,person_0565,3,NC,1,5
wksht_86270715,Chris Grisedale,person_4724,4,C,40,4
wksht_46530835,Corette Trumper,person_3468,9,NC,21,K
wksht_22405274,Elvin Geeves,person_5163,3,C,2,K
wksht_53719869,Aleta Curtayne,person_3708,11,C,41,5
wksht_84993208,Gabriella Southon,person_6419,2,NC,15,6
wksht_54166618,Garret Prier,person_1443,15,C,19,K
wksht_21011025,Erwin Gatecliff,person_7732,4,NC,40,6
wksht_99037833,Pearce Luparti,person_6991,7,C,21,K
wksht_53341735,Elianora Mangin,person_8319,18,NC,24,5
wksht_66857378,Kristina Vasyunichev,person_0473,17,NC,50,4
wksht_25904459,Kasey Lantiff,person_2347,10,C,32,5
wksht_92703409,Barron Beldom,person_4758,8,C,49,6
wksht_92924133,Marybeth Druery,person_9458,10,NC,43,4
wksht_10231742,Muffin Mayhou,person_7834,7,NC,12,K
wksht_11554505,Lurette De Ruggiero,person_8849,3,NC,50,K
wksht_04318012,Kial Eschalette,person_8781,7,C,9,6
wksht_79939964,Cherie Jaffrey,person_4944,16,C,9,K
wksht_38530693,Robb Rootes,person_7158,18,NC,10,K
wksht_14943320,Avigdor Witterick,person_4707,19,NC,10,K
wksht_17403704,Karilynn Lorne,person_7043,2,NC,31,K
wksht_23637590,Cosme Gai,person_4858,6,C,1,K
wksht_16283839,Ketti Rabbet,person_8284,6,C,3,K
wksht_33409091,Sandi Sabey,person_7282,16,C,12,4
wksht_36306911,Nicolina Addionizio,person_4238,9,NC,10,K
wksht_29666144,Jamill Steely,person_1718,4,C,26,6
wksht_61812352,Imogen Girardeau,person_7115,9,NC,34,5
wksht_00711945,Mable Ianittello,person_4529,15,C,2,K
wksht_05947000,Damian Hirche,person_5379,9,NC,17,1
wksht_20871186,Nicolis Moss,person_3117,11,NC,17,4
wksht_21413250,Cam Morando,person_5319,14,NC,27,6
wksht_07816987,Cindy Doxey,person_9901,11,C,37,6
wksht_44923377,Harris Rielly,person_8744,11,NC,19,6
wksht_07014373,Sheff Larimer,person_0006,15,NC,32,K
wksht_97629083,Jan Willcock,person_3053,17,C,32,4
wksht_83430478,Janine Martensen,person_5012,1,C,6,K
wksht_50453550,Farlay Crilley,person_6356,18,C,5,4
wksht_52533115,Janaya Frowen,person_3768,5,NC,39,5
wksht_01580069,Murvyn Ropkins,person_7778,12,C,45,6
wksht_55002400,Barnabas Sandeson,person_8186,14,NC,52,4
wksht_31373158,Susanna Davis,person_9551,9,C,33,6
wksht_61125017,Layne Paddy,person_4897,11,C,1,K
wksht_57614821,Moyna Gibbieson,person_0907,6,C,1,K
wksht_49685791,Timmi Harpur,person_8089,9,C,47,4
wksht_02878540,Cameron Drayson,person_0047,8,NC,24,K
wksht_17938822,Reinald Trenholm,person_8393,9,NC,15,K
wksht_37231789,Mike Wrates,person_3867,8,NC,40,5
wksht_66788908,Mellicent Skarr,person_8104,3,C,3,K
wksht_69435276,Robinson Sinnie,person_4867,20,C,49,6
wksht_14895634,Bren Salisbury,person_5009,16,C,13,K
wksht_09352090,Burlie Roncelli,person_7234,8,C,7,K
wksht_86248847,Katerine Heinsh,person_1369,9,C,50,3
wksht_38802049,Jo-ann Bruckenthal,person_4462,5,NC,48,K
wksht_55575846,Ethel Turford,person_3472,18,NC,43,K
wksht_77645486,Rurik Pizer,person_3113,12,NC,14,4
wksht_37425543,Boote Reimer,person_3884,9,C,52,5
wksht_10180361,Jessalin Frisel,person_3960,11,NC,30,6
wksht_73212427,Ainslie Rosson,person_5383,7,NC,2,K
wksht_10085260,Melosa Sola,person_0054,14,C,41,6
wksht_47018809,Veriee Carswell,person_9230,18,C,41,6
wksht_41156245,Gaston Pawsey,person_1087,13,NC,15,K
wksht_13698272,Jamima Iglesiaz,person_1734,9,C,32,K
wksht_52359860,Ashley Botha,person_4031,5,C,36,6
wksht_07517064,Caprice Ibbett,person_0811,20,NC,14,K
wksht_58986143,Melonie Carlyle,person_2164,14,C,51,5
wksht_33169138,Fabien Feare,person_2948,16,NC,8,6
wksht_23039220,Julius Chrisp,person_5357,11,C,19,K
wksht_61474848,Angeline Ferrillo,person_8602,4,C,27,6
wksht_36679747,Hercule Crinkley,person_0801,2,C,48,K
wksht_52350812,Creighton Lemon,person_3794,14,NC,27,K
wksht_79620479,Bern Dechelette,person_0925,4,C,47,2
wksht_26153225,Paige McArdle,person_6100,16,C,31,6
wksht_55638516,Nonna De Caroli,person_1758,3,NC,48,K
wksht_45518688,Shoshanna Troutbeck,person_4248,6,NC,34,6
wksht_42590261,Kienan Rowler,person_8989,19,C,37,K
wksht_67754530,Lyn Casaccio,person_7180,7,C,38,4
wksht_43501825,Kalie Ashenhurst,person_8721,18,C,16,5
wksht_23759664,Carmen Barthrup,person_0519,14,C,17,K
wksht_61891692,Ralf Aimer,person_3502,11,C,42,6
wksht_75585184,Wain Schlagman,person_0435,4,C,14,K
wksht_27815256,Dave Aubrey,person_9396,11,C,35,5
wksht_14118248,Alonzo Spirit,person_4323,19,C,48,K
wksht_86461884,Temple Antao,person_6658,4,C,32,6
wksht_45624218,Adi Filochov,person_9505,18,NC,6,6
wksht_74383084,Teodoro Egiloff,person_2598,15,C,29,6
wksht_62652216,Bridie Cunningham,person_7617,4,C,50,K
wksht_10046058,Tiffany Wickham,person_2130,12,C,43,K
wksht_56220448,Lavinie MacCrann,person_1605,6,C,21,K
wksht_40154669,Hildegaard Yakebovich,person_6196,9,NC,35,K
wksht_88284010,Ase Wharton,person_8221,13,NC,7,6
wksht_09922697,Innis Cabane,person_6648,5,C,31,4
wksht_71823224,Friedrick Sutliff,person_9430,17,C,25,K
wksht_26189355,Lisa Malley,person_1677,12,NC,27,K
wksht_22806252,Robby Boorne,person_6661,20,C,22,K
wksht_80780815,Vale Dight,person_5809,4,C,52,5
wksht_82543070,Kylie Le Friec,person_5071,16,NC,40,6
wksht_55420753,Harold Eydel,person_6182,16,NC,12,K
wksht_38736823,Wilow Taffie,person_9264,8,NC,34,K
wksht_05571629,Rupert Torrent,person_4383,6,C,19,K
wksht_47443007,Kennett Ruos,person_0468,4,C,40,K
wksht_24210848,Idelle Wardale,person_0062,12,C,19,6
wksht_90330949,Bambi Leband,person_5003,2,C,8,5
wksht_26721401,Nicoline McColm,person_0344,1,C,33,K
wksht_30514117,D'arcy Worwood,person_8230,13,NC,49,6
wksht_40674763,Harriette Woodberry,person_2748,8,C,9,6
wksht_81936520,Lainey Louden,person_6395,1,C,27,6
wksht_53869423,Minni Lowseley,person_5965,13,C,41,K
wksht_47890692,Cointon Wayne,person_7643,15,NC,7,5
wksht_32263626,Liuka Ducarne,person_6926,2,C,19,6
wksht_75346765,Beulah MacAulay,person_1282,13,NC,21,K
wksht_61027246,Siegfried Rickersy,person_9273,1,C,27,5
wksht_91308324,Glenden Watmough,person_4464,9,C,33,K
wksht_18048840,Buffy Cess,person_5875,8,NC,19,K
wksht_49359553,Bee Fennelly,person_8137,15,C,24,K
wksht_68522368,Claudell Micheu,person_6935,18,C,26,5
wksht_30212174,Jody Imlacke,person_9994,13,NC,23,6
wksht_40251894,Klarrisa Dulin,person_4403,16,NC,18,2
wksht_99659019,Myron Fishpond,person_6931,1,C,7,K
wksht_62610871,Patty Pratton,person_9211,7,NC,38,4
wksht_88368134,Skye Bastable,person_9288,4,C,1,K
wksht_84321171,Miof mela Verner,person_7178,7,C,26,6
wksht_82194838,Bentley Sinderson,person_6722,10,C,36,K
wksht_97295363,Vachel Belf,person_8584,10,NC,52,K
wksht_97573985,Jaine Collop,person_8146,17,NC,17,K
wksht_15134800,Stavro Clawley,person_7427,3,C,43,5
wksht_87451512,Jerrie Jacobsen,person_0259,11,NC,44,K
wksht_22971178,Jolene Croker,person_6018,3,C,50,6
wksht_38421770,Bryn Chang,person_6643,11,C,33,4
wksht_72102617,Noella Mariault,person_9052,20,NC,20,K
wksht_53804846,Gae Kares,person_1305,5,C,24,5
wksht_59395345,Bernardo Winscomb,person_9751,4,C,31,K
wksht_85201699,Dana Rowler,person_7662,11,C,7,K
wksht_78353434,Minetta Waite,person_8278,4,NC,18,6
wksht_07305752,Farrand Auton,person_2999,4,NC,20,3
wksht_24049618,Nicol Quantrell,person_5570,11,NC,50,K
wksht_37691898,Selina Coulling,person_8957,9,NC,30,6
wksht_26193798,Sallie Waldocke,person_0966,3,NC,35,K
wksht_81335892,Kelci Stanex,person_3142,6,C,5,K
wksht_86557570,Gerardo Byres,person_5990,8,NC,45,K
wksht_87350057,Kelsi Bims,person_8956,10,C,3,K
wksht_85170756,Amandy Peasee,person_0128,5,NC,19,5
wksht_47729295,Jud Cocozza,person_7200,15,C,44,K
wksht_70606968,Maggy Whybrow,person_2964,18,C,27,K
wksht_14536628,Lon Purver,person_5586,3,NC,45,K
wksht_35134693,Tallia Jaher,person_5649,5,C,6,K
wksht_35606228,Ernest Segebrecht,person_5408,13,NC,26,2
wksht_47786965,Gabey Dwyr,person_8745,14,C,1,K
wksht_21333760,Lana Brimming,person_4175,9,NC,45,K
wksht_28839954,Leilah Turbefield,person_3326,14,NC,12,1
wksht_47411092,Delphine Oliveira,person_9063,15,C,18,6
wksht_22280380,Merrie Bourrel,person_6832,18,NC,40,5
wksht_13231789,Ingmar Naris,person_3334,5,C,47,4
wksht_44577032,Antonie Rentoul,person_4187,4,C,28,K
wksht_62801154,Sherwood Levinge,person_3897,11,NC,1,6
wksht_69459429,Celine Di Roberto,person_2819,14,C,46,K
wksht_57169069,Corry De Gregoli,person_6248,18,C,25,K
wksht_14611512,Dougy Bolt,person_4642,18,C,48,K
wksht_05986844,Evangelina Dibsdale,person_6805,9,NC,40,6
wksht_56448774,Carolin Pinchon,person_7875,8,C,38,5
wksht_52785008,King Abbatt,person_5375,9,C,21,K
wksht_79076767,Mallorie Tilberry,person_1306,8,C,37,K
wksht_53457500,Reynard Tourry,person_6292,20,NC,17,K
wksht_13149625,Susanetta Beacon,person_0706,16,C,32,5
wksht_36749843,Serena Daout,person_9067,7,C,49,3
wksht_61731258,Edmund Hawkin,person_6136,13,NC,16,K
wksht_57471310,Pete Beves,person_6774,17,NC,14,K
wksht_76326073,Northrup Ivett,person_0599,7,NC,7,6
wksht_75882627,Wallache Durrad,person_7247,10,NC,13,K
wksht_51474847,Amye Jewise,person_7135,7,C,14,6
wksht_35547221,Jacquie Engall,person_6229,11,NC,26,K
wksht_32241160,Nora Schoffler,person_8598,1,NC,45,6
wksht_92091110,Gustie Jelk,person_3781,9,NC,8,K
wksht_27623060,Stephi Barraclough,person_0324,1,NC,9,K
wksht_20254508,Giovanni Wadley,person_2983,7,C,49,K
wksht_56573741,Gale Carless,person_6142,19,NC,2,K
wksht_25022881,Casey Lyles,person_6654,2,NC,20,6
wksht_81630509,Hildy Gregorace,person_9295,19,NC,40,K
wksht_60524771,Regen Grafhom,person_4242,11,C,8,5
wksht_81465261,Laurena Vinall,person_0032,6,C,46,6
wksht_59726936,Josias Gritsaev,person_1941,8,NC,45,K
wksht_27693467,Kym Kembley,person_3721,1,C,3,2
wksht_15775934,Aldin Billingsly,person_7385,17,C,10,4
wksht_98820354,Elvira Martinho,person_9924,17,NC,48,K
wksht_08625940,Brent Gatherer,person_3818,4,C,27,6
wksht_80693052,Mahala Pyrton,person_6920,18,C,12,K
wksht_49525573,Dinnie Pomfrey,person_8650,4,C,39,6
wksht_60982709,Graehme Figgen,person_8956,2,C,44,6
wksht_22522579,Erika Cowdray,person_0572,1,C,38,5
wksht_27801248,Ursa Smallpeice,person_6690,10,NC,25,K
wksht_68248481,Virginie Schutter,person_5762,7,NC,36,6
wksht_44324917,Gasparo Poolton,person_7261,19,NC,2,K
wksht_72473277,Selestina Bradd,person_3750,5,C,33,K
wksht_08538879,Kyla Pauls,person_7660,14,C,18,K
wksht_59897116,Jens Starrs,person_4016,12,NC,6,K
wksht_16385175,Taite Turbat,person_3938,20,NC,7,K
wksht_23011126,Johnnie Rose,person_3603,10,C,28,K
wksht_85583948,Shirley Norrey,person_0998,5,NC,40,6
wksht_02941488,Jacqui Geater,person_5285,13,C,14,4
wksht_78086770,Mikaela Paskins,person_8857,2,C,15,5
wksht_50493656,Adamo Dallas,person_3192,7,C,2,K
wksht_60363229,Ferne Eymer,person_6075,19,NC,29,K
wksht_64678149,Ewen Haldenby,person_9875,9,NC,44,4
wksht_60163680,Jesus Faires,person_6232,4,C,19,K
wksht_75765576,Dyanne Geelan,person_2050,10,NC,48,K
wksht_76464514,Gherardo Eminson,person_9739,8,NC,15,K
wksht_55983805,Baron Asser,person_8673,2,C,49,K
wksht_02580979,Merci Joost,person_1206,1,NC,31,6
wksht_03393064,Gustave Kollasch,person_9551,11,NC,47,K
wksht_65791262,Leola Blundell,person_2177,6,C,33,6
wksht_06428190,Kerk Rase,person_3690,10,NC,12,5
wksht_44066252,Elijah Noel,person_2541,1,C,20,4
wksht_78929909,Clemmie Klimt,person_8984,14,C,46,K
wksht_18169918,Leelah Tremathack,person_1441,6,NC,26,K
wksht_53691430,Moe Fader,person_3571,10,NC,25,K
wksht_64924732,Kalli Kitchinham,person_0758,4,C,17,6
wksht_35724073,Merilyn Sandbach,person_8958,19,NC,22,5
wksht_55626766,Maudie Lawlan,person_6905,19,C,21,K
wksht_76081783,Pasquale Lehrian,person_7696,1,NC,51,5
wksht_82397297,Gabriello Mallock,person_2830,19,C,47,K
wksht_57877249,Gearard Ridgway,person_1735,16,NC,19,K
wksht_93160502,Giffy Shord,person_0874,17,NC,44,4
wksht_40437917,Nanni Verdey,person_7927,9,C,49,K
wksht_44611357,Ora Whannel,person_3772,2,NC,18,K
wksht_65289869,Orv Crysell,person_0861,5,NC,17,3
wksht_27539998,Sky Galgey,person_2564,18,C,41,6
wksht_25057908,Blinnie Van Arsdale,person_5878,13,C,36,4
wksht_45614228,Ricki Garrould,person_8470,20,C,18,4
wksht_96471249,Abby Plume,person_0476,1,NC,44,K
wksht_37136638,Beryle Bithell,person_0379,11,NC,27,3
wksht_16950732,Kirstyn McMurraya,person_5574,15,NC,17,K
wksht_60193356,Cammi Lindholm,person_1484,3,C,8,6
wksht_71326014,Tonya Ealles,person_3954,16,NC,22,K
wksht_92122279,Cobb Storkes,person_3052,10,C,39,K
wksht_31936308,Loydie MacGibbon,person_5443,16,C,11,6
wksht_95911929,Deidre Filoniere,person_7190,8,C,8,6
wksht_39844350,Ignacio Tejada,person_5305,18,NC,46,6
wksht_72465890,Mayor Middup,person_1510,1,NC,35,K
wksht_52821792,Hermon Josifovic,person_8605,12,C,31,2
wksht_50639957,Kelcie Powe,person_7825,8,NC,35,K
wksht_60668855,Franky Eisenberg,person_9900,5,C,30,K
wksht_79930408,Fifine Dominguez,person_8112,3,NC,8,K
wksht_27764839,Dwayne Tremayne,person_7395,10,NC,10,K
wksht_77178911,Karita MacGowan,person_5235,16,NC,22,K
wksht_51387993,Peterus Rembaud,person_4034,16,C,44,K
wksht_28556196,Verna Corro,person_5152,14,C,28,5
wksht_04954188,Fabio Steventon,person_0520,7,NC,51,5
wksht_71775673,Brandon Allewell,person_3711,4,NC,38,K
wksht_96486909,Ruddy Sheldon,person_7968,4,C,48,K
wksht_78182710,Donovan Dronsfield,person_5712,6,NC,49,K
wksht_07629501,Halsey Batting,person_3653,4,NC,50,6
wksht_77064052,Tatum Jagielski,person_0546,17,NC,43,6
wksht_68183175,Arlyne Labusquiere,person_1560,8,C,39,K
wksht_34868176,Paxton Denyakin,person_7111,11,NC,21,5
wksht_72272050,Bernita Jiggins,person_9257,9,NC,45,K
wksht_71565315,Benyamin Mein,person_2910,1,NC,49,6
wksht_00002532,Aloysius Burman,person_7208,3,C,2,K
wksht_98554004,Alina Zukierman,person_0572,18,C,13,K
wksht_55119949,Brigham Barnet,person_8121,12,NC,31,6
wksht_25296257,Husein Burrells,person_0034,5,C,41,6
wksht_67886967,Murray Baggaley,person_8873,20,C,37,K
wksht_68656980,Gisele Lennard,person_1278,5,NC,18,K
wksht_19605982,Morgan Lipmann,person_0081,3,NC,41,K
wksht_51274540,Tomasina Lyne,person_7299,9,C,25,3
wksht_82933837,Tremain Capnerhurst,person_0526,9,C,4,4
wksht_64043277,Ursala Camilio,person_4464,13,NC,48,4
wksht_54235542,Ulla Emmot,person_3069,12,NC,48,5
wksht_02757434,Roland Skitt,person_8726,7,NC,22,5
wksht_06383906,Upton Sich,person_9539,8,C,20,K
wksht_72808708,Any Sweedland,person_9769,3,NC,21,5
wksht_07686903,Saudra Hexham,person_6721,16,NC,1,K
wksht_18204379,Aurthur Simoneton,person_8835,6,NC,35,K
wksht_35290457,Sander Cassin,person_0852,16,NC,11,5
wksht_73354486,Matteo Dutt,person_6950,18,C,12,K
wksht_64707327,Amory Yeude,person_2641,10,C,14,K
wksht_83840118,Aubry Fairlam,person_0608,15,NC,43,5
wksht_61589317,Jerrylee Elsey,person_7538,14,NC,11,6
wksht_34787103,Krissy Poznanski,person_6735,2,NC,13,K
wksht_82658335,Leontine Maides,person_9547,5,C,6,6
wksht_80851330,Timmi Fridaye,person_0754,16,C,5,K
wksht_71542616,Leon Jaze,person_0023,11,C,45,K
wksht_47983411,Tremayne Bedwell,person_7935,8,NC,28,5
wksht_19898470,Terrence Kelleher,person_0194,17,NC,15,5
wksht_79684454,Margaretha Giacobbo,person_7462,7,NC,40,3
wksht_29797248,Jillayne Zimmermanns,person_6498,8,NC,43,K
wksht_48543567,Teri Velte,person_5160,15,C,1,5
wksht_87739912,Noe Cartmail,person_5131,20,C,34,5
wksht_53736825,Agretha Peach,person_0291,2,C,19,4
wksht_71967095,Mickie Beavan,person_0601,5,C,10,6
wksht_66517109,Shelby Brandino,person_5659,11,C,27,K
wksht_68199575,Jacobo Simonutti,person_5834,6,C,51,5
wksht_99795119,Pren Purves,person_4731,12,C,21,K
wksht_73587537,Kylen Meletti,person_0377,9,NC,7,K
wksht_44615212,Denyse Ravelus,person_5470,7,C,6,6
wksht_82176662,Noelani Doorey,person_3624,11,C,6,K
wksht_37286330,Kendrick Mewton,person_0004,3,NC,51,5
wksht_24170066,Steffi Montfort,person_7470,18,NC,42,K
wksht_16183854,Maddie Idel,person_1172,11,NC,23,K
wksht_28981048,Alena Chilver,person_5573,19,NC,1,K
wksht_53378820,Shirlee Titley,person_0672,17,NC,50,6
wksht_44251056,Gisella Scandwright,person_8388,4,NC,9,K
wksht_89106546,Reba Lints,person_8681,17,NC,24,6
wksht_06947841,Hurlee Leatherborrow,person_8366,17,C,13,K
wksht_99001265,Kaitlyn Dinse,person_0254,3,C,7,3
wksht_52331876,Charmian Domoni,person_7361,14,C,24,K
wksht_11724678,Noell Dradey,person_1847,4,C,46,5
wksht_54341172,Selia Jeanel,person_8822,17,NC,13,K
wksht_22600074,Marie-jeanne Johnigan,person_8881,4,NC,11,5
wksht_74438573,Zacharie Rogan,person_0859,15,NC,29,6
wksht_00709285,Livia Boggis,person_1648,19,C,52,6
wksht_37030199,Kurtis Onslow,person_0937,16,NC,4,K
wksht_58292440,Dario Fivey,person_9089,15,C,14,5
wksht_56379811,Aaron Cleverley,person_5202,11,C,43,K
wksht_49985392,Berky Bidnall,person_8304,6,C,26,6
wksht_51738127,Vikki Kidstone,person_2029,12,NC,4,K
wksht_22078188,Ferrel Longrigg,person_4014,3,NC,14,K
wksht_93543800,Grazia Coggins,person_2424,18,NC,35,4
wksht_84161675,Almira Stopps,person_4368,20,NC,32,K
wksht_00108547,Rupert Greetham,person_5625,20,C,28,4
wksht_93126466,Shelba Stratton,person_6023,18,NC,9,K
wksht_83653661,Felicdad Extall,person_8644,11,C,47,6
wksht_79036746,Alyosha Kitman,person_0607,13,NC,39,K
wksht_28338411,Cassandry Lettington,person_7100,2,NC,25,6
wksht_25607126,Guenna Libby,person_7582,8,NC,28,6
wksht_05534768,Ania Sketcher,person_4353,2,NC,10,6
wksht_15936355,Nada Grennan,person_2196,12,C,13,6
wksht_75035719,Ginni Poundsford,person_0515,8,NC,31,K
wksht_68977282,Lynda Indruch,person_7699,7,NC,14,6
wksht_48310243,Adrea Gosney,person_1081,11,C,16,5
wksht_58993166,Martie Sterling,person_3472,16,C,19,6
wksht_96341175,Heida Blanchette,person_7212,19,C,9,6
wksht_71383695,Jobey Wynn,person_1954,2,NC,4,K
wksht_12312641,Nonnah Parry,person_3059,14,NC,42,K
wksht_51320504,Jacquetta Whittle,person_5976,2,C,12,3
wksht_01105161,Rubi Isacsson,person_6980,7,NC,16,5
wksht_23114164,Bradley O'Hartagan,person_3626,11,C,42,K
wksht_65728420,Eugenius Hegden,person_3870,4,NC,35,K
wksht_36556975,Shayla Janaszewski,person_2373,1,C,24,K
wksht_51837132,Tawsha Hatterslay,person_1155,6,NC,36,3
wksht_42753097,Nathalia Todd,person_3948,2,C,31,4
wksht_30419062,Dawn Beavers,person_8291,15,C,38,K
wksht_23477821,Alta Backes,person_7427,5,NC,26,6
wksht_45182775,Hasty Counter,person_4232,16,NC,35,K
wksht_04487189,Elysia Viollet,person_0184,20,NC,37,5
wksht_17900847,Alexio Openshaw,person_5589,18,C,5,6
wksht_99489002,Tom Pierrepoint,person_7200,8,NC,2,K
wksht_01817483,Gwyneth Eilert,person_8302,10,NC,8,K
wksht_84464310,Erinn Feast,person_6093,6,C,33,K
wksht_61399513,Silvain Wesgate,person_1148,11,NC,6,6
wksht_19513571,Amye Pigney,person_7530,10,NC,50,2
wksht_34006538,Reba Hartell,person_9168,13,C,33,K
wksht_38805044,Doug Corroyer,person_2709,13,NC,5,K
wksht_51571406,Raimondo Bownas,person_6423,19,NC,8,4
wksht_24363222,Cortney Orpyne,person_6023,11,NC,49,K
wksht_94200447,Willy Wrankling,person_9865,7,C,36,6
wksht_86490347,Elfrieda Asquith,person_2883,13,NC,17,K
wksht_84353650,Deva Kingston,person_4002,11,C,5,K
wksht_11883162,Babbette Buggs,person_1184,17,NC,28,K
wksht_32425248,Dave Getty,person_6944,17,C,41,K
wksht_27614739,Zachary Bolstridge,person_8821,8,C,14,6
wksht_81789319,Arvy Rikkard,person_1438,3,C,50,K
wksht_82382475,Ezequiel Holdren,person_6458,14,C,2,2
wksht_96751682,Hershel Tree,person_4449,1,NC,47,6
wksht_44620615,Osbert Barg,person_8702,11,NC,18,2
wksht_54030086,Filide Tapton,person_3099,9,NC,5,K
wksht_91355244,Tisha Krolman,person_8123,14,C,4,4
wksht_78014086,Dreddy Headley,person_1350,3,NC,28,6
wksht_95923092,Caitlin Prettyman,person_6948,16,C,18,5
wksht_81342811,Riva Bulcock,person_5142,6,NC,29,K
wksht_01138311,Derrik Bennallck,person_7828,19,C,13,6
wksht_53236259,Carmencita Gresch,person_8558,12,C,23,K
wksht_78307797,Jarrid Claremont,person_4552,19,NC,41,5
wksht_19074371,Dougy Dwyr,person_1102,4,C,8,K
wksht_98731765,Tabbitha Arnecke,person_8589,8,NC,8,K
wksht_02211174,Dalila Parradye,person_6973,1,NC,21,6
wksht_18338135,Letta Mularkey,person_2086,2,NC,16,K
wksht_28321320,Yvonne McGivena,person_6831,8,NC,32,5
wksht_49339221,Kilian Lemerle,person_0302,4,C,21,5
wksht_35270485,Theodosia Rouff,person_6840,3,C,21,6
wksht_95716247,Valentino Duker,person_9880,13,C,15,K
wksht_77519505,Masha Steadman,person_3469,13,NC,31,6
wksht_99688351,Leah McLucas,person_1077,10,C,19,K
wksht_58956982,Cherice Celle,person_2504,9,C,52,6
wksht_23574882,Jecho Dunne,person_9798,10,C,17,6
wksht_81728494,Levin Kettell,person_1978,10,NC,1,K
wksht_63220423,Javier Braunton,person_0173,5,NC,29,K
wksht_88907073,Wilone Hancke,person_0982,8,C,2,6
wksht_52744954,Angelle Sharplin,person_2199,5,C,19,6
wksht_98729761,Samaria Ferriday,person_0162,18,NC,20,6
wksht_04473934,Siana MacGillicuddy,person_6587,13,NC,7,K
wksht_84775597,Jessey Errigo,person_7570,13,NC,10,6
wksht_82431842,Adelaide Fanning,person_2662,19,NC,36,6
wksht_98182561,Boyce Wellesley,person_2066,7,C,51,6
wksht_79531194,Sherrie Hollier,person_5262,12,C,10,K
wksht_29150248,Charlot Krop,person_7927,7,NC,41,6
wksht_71907532,Roscoe MacArthur,person_3732,13,C,34,K
wksht_12954768,Rhett Allcott,person_3225,10,NC,12,6
wksht_41165190,Jarvis Clara,person_5441,7,NC,46,6
wksht_60463393,Patrizia Banker,person_6646,18,NC,15,K
wksht_79709080,Abran Gergolet,person_4870,9,C,7,K
wksht_35318131,Thorn Coltman,person_6063,5,C,33,K
wksht_72541696,Siward Folomin,person_6208,13,NC,17,K
wksht_85340891,Issi Arnli,person_1618,16,C,14,K
wksht_32675532,Manya Kiernan,person_5806,19,C,32,K
wksht_11024691,Mandy Joist,person_2384,12,NC,28,K
wksht_62520018,Lucio Dines,person_8204,18,NC,28,K
wksht_25280266,Rog Barhims,person_6520,12,NC,12,K
wksht_11490029,Kore Berre,person_5401,7,NC,48,K
wksht_85809349,Farah Hallsworth,person_0979,17,C,42,6
wksht_16317412,Leeanne Chessil,person_5185,18,NC,11,6
wksht_62165490,Loria MacCosto,person_6888,6,C,11,6
wksht_65454421,Noami Trounson,person_7437,16,NC,49,6
wksht_39348537,Ruy Goodfellowe,person_5788,12,NC,30,K
wksht_80845043,Minne Worral,person_7693,6,NC,8,1
wksht_85215810,Xenos Lowth,person_3959,4,NC,33,5
wksht_25671342,Minor Tague,person_5013,14,C,50,6
wksht_82955543,Arlena Burdytt,person_0194,1,NC,37,K
wksht_81378372,Kerby Baress,person_0478,12,NC,1,K
wksht_35205224,Faydra Osbourne,person_1548,8,C,3,5
wksht_56056181,Randy Lancashire,person_8020,1,NC,35,6
wksht_99391751,Camala Loren,person_8476,12,NC,18,3
wksht_66960440,Norine Matz,person_6039,6,NC,50,6
wksht_82839263,Vito Lennox,person_3186,6,C,52,5
wksht_78876146,Elysia Piatek,person_6028,2,C,8,K
wksht_80631158,Randy Watton,person_1012,4,NC,35,K
wksht_33620953,Lia Lawler,person_7025,9,NC,35,6
wksht_83506394,Luke Champniss,person_0889,3,NC,25,K
wksht_31054797,Barnett O'Regan,person_6249,8,C,23,K
wksht_03881444,Alisa Heddan,person_0459,1,C,21,K
wksht_12691769,Ferrell Langforth,person_9696,8,C,38,6
wksht_89664998,Terence Bragg,person_7430,3,NC,29,K
wksht_58470054,Avram Tweddell,person_8412,1,C,11,K
wksht_21401792,Thebault Perkis,person_6964,19,C,22,6
wksht_88967193,Clarine Pooke,person_3200,7,NC,13,6
wksht_92120150,Nana Faulconer,person_4275,5,NC,52,6
wksht_29121317,Tallia Wheatley,person_7365,7,C,2,K
wksht_53221686,Melisa Skea,person_6343,1,C,25,K
wksht_85990191,Demetris Nottingam,person_3474,7,C,15,K
wksht_42523084,Delcine Granham,person_9853,13,NC,7,1
wksht_90366352,Iolande O'Loughane,person_2679,14,NC,10,K
wksht_54262869,Isobel Hanscome,person_1101,10,NC,12,K
wksht_44381648,Benedikt Andresen,person_9390,20,NC,40,6
wksht_01505315,Donnajean Phateplace,person_0602,16,NC,18,5
wksht_69366226,Catie Quennell,person_3255,10,C,16,K
wksht_56339226,Fred Manssuer,person_8094,6,NC,44,6
wksht_38155709,Bron Vautier,person_2891,6,NC,42,4
wksht_87543425,Shepard Uglow,person_1422,20,C,28,K
wksht_19350657,Mattias Lysons,person_0424,14,NC,28,6
wksht_41566770,Noam Folke,person_5198,20,NC,13,K
wksht_80734150,Penrod Haffenden,person_4454,16,NC,40,4
wksht_68681671,Langston Staries,person_7775,16,C,23,6
wksht_01789519,Benton Henderson,person_5079,20,C,34,6
wksht_25144499,Kippy Swadling,person_1155,19,C,2,K
wksht_68999420,Valentine Andrews,person_1480,15,NC,1,K
wksht_14613700,Ricardo Willavize,person_1418,7,C,29,2
wksht_26157412,Brietta Haffner,person_1962,7,C,46,K
wksht_15757889,Lindsy Pearman,person_2860,18,NC,21,4
wksht_39154948,Gunter Darree,person_1683,11,NC,13,4
wksht_03533690,Oliy Lillyman,person_6784,20,C,11,K
wksht_94897702,Valentia Nutman,person_0091,15,NC,22,K
wksht_30626862,Whitney Worman,person_7826,19,NC,3,4
wksht_44641805,Aleen Witts,person_7967,12,C,34,1
wksht_98817877,Gerianne Allport,person_4977,1,NC,21,4
wksht_57859807,Quentin Yegorov,person_6262,4,C,3,3
wksht_68992629,Karna Gumn,person_1283,20,C,43,6
wksht_09439052,Vanni Gaskin,person_4945,4,C,52,6
wksht_66044215,Nikki Willis,person_2087,1,C,30,4
wksht_03004238,Benedicta Falloon,person_6570,8,NC,23,2
wksht_34898438,Amalee Gunney,person_8240,14,C,47,K
wksht_89076319,Michaela Norcutt,person_6850,20,NC,12,K
wksht_23358779,Lillian Birdfield,person_1582,17,NC,29,4
wksht_86655604,Normy Conkie,person_5418,18,NC,41,3
wksht_56715317,Larry Senton,person_4300,14,NC,42,K
wksht_97482688,Ernestus Phonix,person_1516,16,C,14,K
wksht_32760755,Joya Davidow,person_5437,18,NC,18,6
wksht_13125956,Billie Tattershall,person_7188,15,C,9,K
wksht_39917887,Phylys Doyley,person_8402,11,NC,29,K
wksht_51014676,Cami MacBarron,person_1883,14,C,52,K
wksht_99955562,Ryan Zolini,person_5368,14,C,33,K
wksht_76860005,Andros Muffin,person_9775,13,C,15,K
wksht_95343004,Veronika Sacchetti,person_4035,9,C,26,6
wksht_09472833,Otho Carlin,person_9767,10,NC,31,3
wksht_93307341,Konrad McIlhagga,person_4852,4,NC,26,4
wksht_84191262,Nannie Yarmouth,person_9374,16,NC,46,5
wksht_32697185,Roxy Heinrich,person_3940,15,NC,27,K
wksht_31228864,Jodi Childerhouse,person_5084,4,NC,33,4
wksht_27055159,Harry Coey,person_2665,13,C,11,K
wksht_82907056,Nataline Berrisford,person_9768,9,NC,19,K
wksht_96128336,Mei Chasmor,person_1887,20,NC,39,6
wksht_53088657,Luis Fernanando,person_4783,7,C,38,K
wksht_22515530,Florina Braidford,person_1499,2,C,2,5
wksht_91419065,Luther Polley,person_5963,8,NC,5,K
wksht_89975566,Brigitta Salter,person_0127,11,NC,49,K
wksht_00050929,Thurston Vannet,person_3588,19,C,21,1
wksht_40040207,Des Littrick,person_4621,6,NC,10,K
wksht_63836643,Christyna Surgison,person_5569,17,NC,46,K
wksht_04780091,Sayers Snewin,person_0719,2,NC,34,6
wksht_65014551,Lilas Michal,person_1380,19,NC,17,K
wksht_08881143,Domini Fendt,person_2663,7,C,27,2
wksht_72497408,Kathe Bernaciak,person_8295,16,NC,33,6
wksht_07236205,Zaria Bemment,person_5504,6,C,47,4
wksht_42352659,Sven Cecely,person_7795,5,C,24,5
wksht_49467541,Chadwick Lindwall,person_5536,13,C,3,K
wksht_67295617,Ericha Nystrom,person_4709,13,C,37,6
wksht_21331293,Pearline Evelyn,person_3700,7,C,45,K
wksht_39827558,Dorie Duthie,person_5886,17,C,11,K
wksht_92142809,Florence Antognozzii,person_6746,12,C,5,6
wksht_41258312,Michal Ewebank,person_4721,10,C,30,1
wksht_19981816,Stanwood Smead,person_5721,4,NC,29,K
wksht_25102472,Hube Hansard,person_5463,5,NC,18,K
wksht_85183348,Drusilla Downing,person_8002,6,C,21,K
wksht_08912553,Hasty Perotti,person_8449,4,NC,52,K
wksht_98643255,Pauly Grooby,person_8645,13,NC,42,4
wksht_66919030,Teador Malarkey,person_1369,15,C,23,6
wksht_22780239,Lavinia Goad,person_3756,5,NC,52,K
wksht_89514020,Jim Roelvink,person_6429,9,NC,29,K
wksht_34290616,Oswald Waleworke,person_1660,9,C,32,K
wksht_71169054,Giuditta Maisey,person_1079,3,NC,34,6
wksht_07104595,Olly Eley,person_1729,7,NC,21,K
wksht_82158298,Yorker Rosenschein,person_0890,5,NC,29,K
wksht_16014180,Stan Tackley,person_5584,8,NC,23,4
wksht_02155432,Sonnnie Cockshot,person_4563,4,C,24,4
wksht_50468339,Roxie Marzellano,person_8066,8,NC,12,5
wksht_17097010,Berkley Shine,person_7392,7,C,49,6
wksht_24577042,Chandal Norcop,person_4625,2,NC,36,3
wksht_36717650,Cordy Allflatt,person_5321,12,C,7,5
wksht_52742734,Maribel Goodnow,person_9504,1,C,48,K
wksht_87907167,Silvia Slograve,person_4450,12,NC,39,6
wksht_04615784,Bren Matlock,person_9689,18,NC,13,K
wksht_93954815,Meredeth Camis,person_9677,16,NC,36,K
wksht_99683193,Gallagher Coughtrey,person_6758,13,NC,24,6
wksht_67006026,Sophie Bursell,person_7642,16,C,34,2
wksht_68001089,Freddie Chittem,person_2360,14,C,45,K
wksht_67580814,Chiquita MacDavitt,person_1679,17,NC,24,K
wksht_81673016,Kahlil Heisler,person_1582,4,C,34,K
wksht_18523371,Oralla Kopf,person_5961,6,NC,38,K
wksht_95736230,Allys Acheson,person_1116,20,NC,31,5
wksht_56156567,Hendrick McFarland,person_0531,14,NC,16,K
wksht_50425315,Boris Whannel,person_2002,2,C,11,K
wksht_99202482,Sarina Oakenfall,person_4197,11,C,44,K
wksht_71530127,Ivor Gatiss,person_8908,6,C,33,K
wksht_64555458,Elyse Strathern,person_0383,19,NC,17,2
wksht_85119590,Fancie Dellenbrook,person_3901,20,NC,1,K
wksht_60203819,Sonia Morillas,person_9886,19,C,12,5
wksht_59260076,Antoinette Geistbeck,person_7549,17,C,42,K
wksht_87402209,Jerrome Edland,person_4526,10,NC,18,K
wksht_88700615,Inglebert Pirrey,person_8443,16,C,31,K
wksht_15850124,Teressa Coule,person_6176,8,NC,10,K
wksht_49149901,Jyoti Wagstaffe,person_0445,13,NC,3,K
wksht_01055311,Grant Ivanets,person_6434,10,NC,16,1
wksht_51116487,Dyanna Venners,person_2933,16,NC,17,K
wksht_78945346,Joscelin Spalding,person_2723,2,NC,21,K
wksht_17612318,Jefferey Demonge,person_1256,9,NC,43,4
wksht_60052768,Gill Pourveer,person_2048,19,NC,9,K
wksht_39064930,Launce Warbys,person_5841,6,C,14,K
wksht_42339984,Delmer Duling,person_5086,13,NC,23,5
wksht_19846139,Oralia Peckham,person_8218,15,NC,38,6
wksht_33674855,Jobie Flynn,person_9807,2,NC,1,K
wksht_43182555,Dagny Mulhill,person_0900,16,NC,9,K
wksht_01124933,Lisha Sherred,person_8652,20,NC,36,K
wksht_13851511,Samuele Glennard,person_7687,3,C,25,3
wksht_00981306,Elisha Ashbolt,person_8519,3,NC,40,5
wksht_97322706,Valli Barreau,person_8462,2,NC,21,3
wksht_23776406,Royce Crayke,person_1976,17,C,4,K
wksht_97971562,Cynthie Cassels,person_7248,17,NC,4,K
wksht_62524383,Maddie McGilroy,person_5889,14,NC,37,K
wksht_97001544,Cindra Janczak,person_6527,17,NC,14,K
wksht_74010772,Ruperto Dicte,person_4998,19,C,11,K
wksht_85697998,Kermy Tull,person_4984,9,NC,7,6
wksht_56911937,Lorne Bellfield,person_0472,11,NC,17,6
wksht_98824401,Mair Roaf,person_5083,12,C,47,5
wksht_39786843,Karena Ellingham,person_8232,14,C,34,K
wksht_19348968,Marylinda Topaz,person_5742,2,NC,6,K
wksht_51499482,Welbie Pashbee,person_5375,12,C,2,K
wksht_64502253,Kenn Earwaker,person_7915,2,NC,22,K
wksht_19033185,Ransell Liversidge,person_6731,2,NC,32,K
wksht_36824829,Dougie Horbart,person_1742,17,C,5,6
wksht_52576280,Nonie Faye,person_4122,5,NC,3,K
wksht_35097376,Koral Huriche,person_0801,16,C,20,K
wksht_86829661,Hyacinthie Jina,person_3313,4,C,48,K
wksht_67842807,Friedrich Bortolini,person_4226,19,NC,19,6
wksht_29544565,Alene Pallis,person_3047,6,C,1,K
wksht_82983550,Huberto Ephson,person_5175,19,C,26,5
wksht_24024644,Arlinda Pilbeam,person_6878,9,C,13,K
wksht_61164874,Janenna Pitsall,person_6260,7,C,47,6
wksht_70050043,Mariya Le Sieur,person_4173,3,NC,8,6
wksht_50773177,Debee Demaid,person_9236,3,C,43,3
wksht_08549329,Putnam Wheatman,person_9833,15,C,24,K
wksht_56857679,Waring Espinet,person_8112,10,NC,8,K
wksht_33262831,Kalindi Stienham,person_7940,1,NC,18,5
wksht_79140357,Murial Deppe,person_3027,5,C,10,K
wksht_13171765,Rodi Brashier,person_8148,7,NC,41,K
wksht_41362246,Maiga Jeyes,person_3656,19,NC,46,6
wksht_46386929,Jannel Broome,person_9537,4,C,27,K
wksht_49392272,Windham McKilroe,person_8616,19,NC,1,6
wksht_85058520,Guinna Prosch,person_7615,17,C,14,K
wksht_68751229,Ag Hebbron,person_6530,4,C,25,K
wksht_31586289,Nikolia O'Sheilds,person_5806,16,NC,26,K
wksht_10788914,Jeanie Kirkbright,person_4684,19,C,1,K
wksht_47128819,Keith Mattacks,person_4172,10,C,47,K
wksht_97984770,Putnem Hacard,person_8013,1,NC,45,6
wksht_83121484,Johnathan Strode,person_6683,9,C,23,K
wksht_01372695,Druci Llop,person_9033,11,NC,34,K
wksht_29963832,Gibbie Tarbath,person_4924,18,C,43,6
wksht_84088378,Cinda Pawlik,person_2764,6,C,49,K
wksht_04905892,Betta Furze,person_5247,17,NC,15,K
wksht_00303822,Chaim Arkell,person_2913,19,NC,34,K
wksht_43395805,Reggie Senchenko,person_1594,19,C,44,K
wksht_25795853,Klemens Lightning,person_1063,11,C,50,4
wksht_08313924,Callie Bess,person_2315,4,C,40,2
wksht_81901913,Carlos Wadmore,person_8926,20,NC,47,3
wksht_69703297,Huberto Hugonet,person_8092,18,NC,28,K
wksht_15132236,Andi Lamps,person_6178,5,C,44,4
wksht_04269612,Jared Brosi,person_1788,20,NC,36,K
wksht_49586266,Concordia Ancketill,person_3841,9,NC,42,K
wksht_55343384,Cchaddie Syddie,person_9866,2,NC,51,K
wksht_82169963,Nicky Chamney,person_4153,20,C,5,5
wksht_57010503,Gearard Faulds,person_3321,7,NC,8,K
wksht_74371921,Cherilynn Ballin,person_6322,10,C,10,6
wksht_64786325,Stillmann Isaq,person_8077,4,NC,16,K
wksht_37897751,Brandi Jauncey,person_1683,19,C,37,K
wksht_21757777,Ferdie Tuffrey,person_3275,5,C,45,1
wksht_62417212,Findley Stansby,person_6243,1,C,37,3
wksht_27695020,Laryssa Van Hove,person_6075,17,C,36,K
wksht_77039594,Abbye Fryett,person_3685,20,C,29,2
wksht_78778234,Kerrie Beddows,person_5182,7,C,30,K
wksht_27711712,Ettie Lemerle,person_6711,19,NC,21,4
wksht_86504358,Kathryne Harold,person_8786,11,NC,31,K
wksht_72015284,Deanne Elmore,person_1308,7,C,7,K
wksht_70801501,Silvano Pfeffer,person_5318,15,NC,51,K
wksht_42201681,Philipa Hamnet,person_0771,11,C,5,3
wksht_18176607,Sallyanne Lathwood,person_2111,14,NC,9,K
wksht_97103519,Ketti Beddin,person_4668,12,C,26,K
wksht_55244591,Urson Russel,person_9837,11,NC,1,1
wksht_34226711,Ingeberg Pheby,person_3065,2,C,49,3
wksht_32155972,Marcus Kean,person_1028,6,NC,3,6
wksht_17488939,Linn Govey,person_8254,18,C,22,5
wksht_87989174,Kala Hassall,person_9580,14,NC,15,3
wksht_93503433,Shela Axleby,person_7591,3,C,50,6
wksht_54267750,Kingsly Zecchini,person_5773,11,NC,23,K
wksht_51844909,Wrennie Aluard,person_7815,6,NC,15,2
wksht_59012843,Earl Carrett,person_9332,18,C,3,K
wksht_01912538,Nap Trobridge,person_5829,8,C,47,K
wksht_93064738,Davine Hagard,person_4907,2,C,35,K
wksht_25892224,Christel McPhee,person_7813,6,NC,23,6
wksht_75784086,Dew Cripin,person_0448,2,C,51,6
wksht_56332767,Sandie Grout,person_9183,15,C,3,K
wksht_14049372,Clevey Jacobbe,person_9094,20,NC,50,6
wksht_50061351,Kristos Deverick,person_4798,9,NC,9,K
wksht_61736225,Sophey Yerrill,person_9236,14,C,50,K
wksht_20520525,Kimberlee Maruszewski,person_5297,9,C,46,6
wksht_62753356,Deana Hedgeley,person_8233,8,C,42,6
wksht_04265154,Mada Mitchelson,person_5241,11,NC,28,6
wksht_75897003,Inglis Tuplin,person_6182,7,NC,45,K
wksht_20672397,Norma Sapauton,person_6237,5,NC,47,4
wksht_59653512,Rurik Galliford,person_9949,6,C,32,K
wksht_70872286,Nadya Shropsheir,person_7309,20,C,24,K
wksht_57382479,Wandis Gittings,person_9393,19,NC,51,6
wksht_46576756,Weylin Pardue,person_7401,19,C,8,K
wksht_63472753,Kitti Riguard,person_7889,2,C,34,K
wksht_34948003,Gates Moorerud,person_0412,2,C,48,K
wksht_75065533,Kale Low,person_1321,2,NC,35,K
wksht_37115437,Yulma Masson,person_0497,9,C,21,6
wksht_01943339,Barnebas Bulcock,person_4060,9,NC,4,6
wksht_55524478,Rae Laffling,person_7314,9,NC,14,K
wksht_30393746,Isadore Saltwell,person_0079,8,C,25,K
wksht_90778430,Crista Lage,person_9468,7,NC,47,6
wksht_70742616,Sheeree Sebert,person_7905,3,NC,52,K
wksht_32364808,Fanchette Gatherell,person_8787,10,C,19,K
wksht_08251468,Randi Harrowing,person_5378,18,NC,19,6
wksht_11347731,Puff Bradbrook,person_6293,1,NC,43,K
wksht_24859227,Saul Woosnam,person_4111,11,C,7,K
wksht_16972264,Hiram Tatters,person_1709,17,C,49,6
wksht_56811081,Erika Alliker,person_9829,19,NC,51,K
wksht_10572174,Arleyne Wollaston,person_2706,12,C,14,5
wksht_61388841,Boigie Lesaunier,person_1504,10,C,19,2
wksht_35195709,Marya Templman,person_7766,14,NC,9,K
wksht_82478557,Ryon Gaddes,person_0414,6,NC,17,6
wksht_79767831,Jarrett Bath,person_1105,14,C,32,K
wksht_19410184,Halette Red,person_1461,8,C,26,K
wksht_54665633,Guglielma Losty,person_4758,4,C,49,K
wksht_54987381,Ernesto Padly,person_5749,20,C,47,K
wksht_83141038,Adelle Wyman,person_3385,15,C,20,K
wksht_70031679,Reid Luggar,person_3797,2,NC,36,K
wksht_31387582,Raven Evered,person_6375,7,NC,3,K
wksht_96433992,Lissie Duquesnay,person_2662,14,C,16,K
wksht_67309509,Freddi Fletcher,person_0262,6,NC,16,K
wksht_63160444,Gabrila Bodicam,person_4421,2,C,14,5
wksht_97899014,Ingeborg Eaken,person_9870,8,C,18,K
wksht_94747011,Sarina Kiddell,person_3107,12,NC,6,5
wksht_35826623,Henri Stockill,person_2392,2,NC,14,K
wksht_80078130,Jarrid Songist,person_7013,17,NC,6,5
wksht_25269310,Taffy Chadburn,person_5135,7,C,35,K
wksht_18882597,Francisco Chessor,person_6680,3,NC,50,K
wksht_96675194,Roanna Haddick,person_8440,3,C,48,K
wksht_65203820,Pearla Cooney,person_9633,19,C,31,K
wksht_28808784,Rosalia Flieger,person_4676,8,NC,6,K
wksht_27247144,Toby Bartoli,person_4100,3,NC,3,K
wksht_05789557,Tom Longson,person_8259,17,C,45,K
wksht_86425003,Marcie Purkins,person_8666,7,C,3,6
wksht_77251580,Elmer Godrich,person_9653,1,C,29,K
wksht_72293564,Algernon Blewmen,person_5069,9,NC,45,K
wksht_12135867,Caspar Row,person_9627,14,C,35,1
wksht_54918659,Marven Gaskamp,person_7290,9,NC,13,K
wksht_79309451,Averil Margram,person_6774,16,C,31,5
wksht_61439715,Bunnie Sifflett,person_0750,8,C,21,K
wksht_52686495,Gaspard Hackworth,person_0357,18,C,2,5
wksht_72277997,Clevey Hammerstone,person_7116,12,C,7,K
wksht_58083519,Laurel Yes,person_4441,11,NC,29,K
wksht_76208152,Arne Billyeald,person_4393,7,C,48,K
wksht_45423438,Oswald Crassweller,person_5746,18,C,39,K
wksht_29558040,Frans Sprott,person_3266,9,NC,31,6
wksht_90982848,Ronnica Clarabut,person_1258,12,NC,40,K
wksht_30022198,Giustino Riglar,person_3605,11,NC,18,5
wksht_91328368,Cathie Hollingshead,person_6039,3,C,47,K
wksht_36919995,Harriett Foucher,person_3674,5,NC,24,6
wksht_73402717,Gran Hargroves,person_7389,12,C,47,K
wksht_24032015,Jessalyn Wiggett,person_9528,15,C,45,K
wksht_88118122,Evangelina O'Heneghan,person_6229,7,NC,14,3
wksht_40532989,Ilka Treker,person_8246,9,NC,13,K
wksht_93494676,Berta Moneypenny,person_7686,12,NC,49,6
wksht_67616383,Rossy Clyburn,person_9107,16,NC,46,K
wksht_21058370,Roana Matthai,person_4034,11,NC,10,K
wksht_10001885,Goraud Hills,person_1660,18,C,22,K
wksht_70762390,Verile Dalligan,person_5807,2,C,50,K
wksht_15598676,Creight Valerius,person_5559,11,C,7,K
wksht_11732813,Neila Ellinor,person_5386,17,NC,29,5
wksht_26617559,Kahaleel Thys,person_6900,18,NC,1,6
wksht_41917742,Charity Crus,person_6893,3,NC,44,6
wksht_99553371,Roderic Shovel,person_5248,19,C,9,K
wksht_02508371,Indira Grubbe,person_5810,9,C,23,6
wksht_53194779,Ruby Keyden,person_0250,3,NC,12,K
wksht_90029255,Gaylord Simko,person_7087,20,C,45,K
wksht_85899607,Madella Chatto,person_5139,17,C,43,K
wksht_82348088,Cyril Crevagh,person_1317,4,C,46,6
wksht_69736973,Ninetta Worgen,person_7679,18,C,34,K
wksht_93368289,Stevie Pic,person_5163,12,C,23,6
wksht_13631316,Libbey Crunden,person_0140,20,C,18,K
wksht_04964755,Rhodia Kirkpatrick,person_0076,15,C,13,6
wksht_62983826,Phyllys Bines,person_4809,16,C,8,K
wksht_21121408,Austen Lindstedt,person_8847,15,C,6,6
wksht_70584120,Hercule Brotherton,person_8371,9,C,5,K
wksht_56775125,Corena Reeve,person_3433,19,C,48,6
wksht_73101845,Conway Januszewski,person_0000,11,NC,45,K
wksht_84000829,Nilson Tulley,person_2709,12,C,7,K
wksht_61455204,Gretchen Shugg,person_9721,5,NC,2,K
wksht_26487069,Ortensia Curry,person_4521,13,NC,41,5
wksht_89689484,Bron Maddison,person_8652,3,NC,44,6
wksht_38674343,Broderick Faier,person_5419,13,C,50,5
wksht_25893464,Wilone Adds,person_9205,9,C,40,K
wksht_80346006,Paloma Stonelake,person_7594,16,C,30,K
wksht_68237853,Aidan Manwell,person_3006,19,C,5,K
wksht_32762253,Veriee Sone,person_1585,6,NC,7,K
wksht_27898856,Archy Challace,person_5510,20,C,5,K
wksht_11219500,Virginie Louys,person_4357,17,NC,52,6
wksht_21099326,Flinn Mardoll,person_3864,1,NC,43,K
wksht_93083457,Melba Sprowell,person_3124,2,C,35,6
wksht_50680772,Dusty Wasielewicz,person_2208,3,NC,47,K
wksht_37572483,Cull De Domenicis,person_5284,2,C,29,6
wksht_37859012,Pryce Sill,person_7182,19,C,11,K
wksht_95327042,Violante Gloster,person_0939,17,NC,10,K
wksht_48240915,Shelley Branston,person_4604,5,NC,51,6
wksht_03199453,Ardine Dowda,person_8251,1,NC,50,5
wksht_73428033,Keenan Bugg,person_1274,3,NC,42,6
wksht_90324870,Ros Jenman,person_0257,11,NC,32,K
wksht_02055019,Averill Birkhead,person_1637,18,C,10,6
wksht_03103505,Sandy Woodson,person_9362,4,C,24,2
wksht_94567539,Nichole Bomfield,person_7431,1,NC,4,K
wksht_37026674,Phylis Landrean,person_3114,14,C,28,5
wksht_61684047,Muire Blodg,person_3223,16,C,13,K
wksht_13330344,Ralf Paulillo,person_6220,3,C,18,5
wksht_45749980,Robinson Cresar,person_9129,16,C,10,5
wksht_14201929,Peder Chittie,person_0646,20,NC,42,5
wksht_70492991,Margret Shackelton,person_6127,2,C,40,1
wksht_68165739,Halette Rosenkranc,person_5805,17,NC,11,5
wksht_69794481,Paulina Sneyd,person_7184,6,NC,36,6
wksht_51293355,Isahella MacMickan,person_0351,13,C,33,K
wksht_06842469,Esma Ilbert,person_6246,4,C,52,4
wksht_13625341,Tedi Bull,person_6899,13,C,22,6
wksht_59742060,Morna Glantz,person_7899,9,C,45,K
wksht_86588834,Monah Royds,person_3811,7,NC,51,K
wksht_38930575,Dee Arp,person_7034,1,C,9,K
wksht_43408261,Munroe Metzel,person_2924,19,NC,41,K
wksht_40538330,Natividad Quinnelly,person_1361,16,C,23,K
wksht_89633325,Paule Caesman,person_7191,19,C,47,6
wksht_68337302,Scarface Katz,person_5156,16,NC,23,6
wksht_89710393,Milty Dongate,person_7532,11,NC,45,K
wksht_25612165,Rorke Yexley,person_7096,14,C,12,K
wksht_58352551,Cherye Byforth,person_0653,20,NC,50,K
wksht_20867571,Ingrid McGinnis,person_5494,5,NC,14,5
wksht_86802501,Lorne MacKartan,person_6383,13,NC,25,K
wksht_60161581,Boony Glavis,person_3795,13,NC,32,K
wksht_89470091,Hedi Bartalot,person_3714,18,NC,2,K
wksht_06800488,Gannie Chatenier,person_4255,8,NC,18,4
wksht_58693823,Quincy Lamlin,person_0111,6,NC,9,3
wksht_03028070,Gerome Zanardii,person_2170,9,C,32,K
wksht_89296758,Dame Jurczik,person_2301,10,C,51,K
wksht_07506054,Jephthah Saddington,person_8009,6,NC,21,K
wksht_75307934,Lib Costa,person_8868,16,NC,2,6
wksht_33618643,Clementina Espine,person_1932,6,NC,32,K
wksht_15949172,Solly Sigsworth,person_5238,5,C,16,4
wksht_13428006,Pate Revens,person_7137,1,C,18,6
wksht_73100756,Noe Rosenfelt,person_6301,12,C,6,6
wksht_80752938,Nicholas Joblin,person_1788,3,NC,17,K
wksht_31982825,Shepherd Lytell,person_6584,5,NC,46,4
wksht_43628961,Cull Minter,person_9767,10,C,4,K
wksht_86784654,Gretal Tant,person_7851,7,C,10,6
wksht_73035773,Monika Kinnar,person_1094,6,NC,30,K
wksht_80574199,Freddie Hartless,person_3728,3,NC,19,K
wksht_37550864,Andy Boggas,person_7702,9,NC,8,K
wksht_53383862,Irv Fissenden,person_8033,5,C,23,6
wksht_22382396,Torrey Guice,person_4323,20,NC,43,K
wksht_38533799,Darb Kestell,person_5673,1,NC,46,6
wksht_42104119,Marietta Emm,person_6529,11,NC,34,5
wksht_26305517,Jacklyn Johanssen,person_3591,6,NC,23,K
wksht_96154785,Minnie Ferencz,person_1904,19,C,17,K
wksht_69235245,Iosep Meakin,person_1785,15,C,5,6
wksht_27402809,Kendal Ballefant,person_9066,12,NC,17,5
wksht_97835116,Petra Cuesta,person_3445,3,C,37,4
wksht_07685891,Gibby Gronous,person_1796,9,NC,36,K
wksht_78513219,Rodolph Ellinor,person_1266,5,C,13,K
wksht_27800158,Arne Redferne,person_9065,13,C,45,4
wksht_65958933,Chas Risley,person_6794,4,NC,26,5
wksht_09991989,Aurore Scrancher,person_6632,11,C,27,K
wksht_68118088,Jeanna Duckham,person_2144,6,C,30,K
wksht_00336781,Denny Sperski,person_0055,7,NC,46,K
wksht_89577495,Moll Urlin,person_3488,14,C,34,K
wksht_63596141,Tanya Constantine,person_8247,20,C,46,5
wksht_22689056,Ellery Kensington,person_1720,3,NC,12,K
wksht_08714180,Issy Fever,person_7230,11,NC,8,6
wksht_59578286,Franky Scamerdine,person_8781,14,C,31,K
wksht_35423492,Hollyanne Woolmer,person_3590,20,NC,47,K
wksht_67108987,Viviene Moxom,person_0697,2,NC,24,6
wksht_39227433,Jone Polk,person_5314,20,C,8,6
wksht_90530457,Savina Verrier,person_1210,7,NC,3,K
wksht_44275289,Guillermo D'Avaux,person_1413,16,C,10,K
wksht_58539041,Pietro Mussettini,person_8087,13,NC,11,K
wksht_69390077,Nicky Stoffersen,person_4069,12,NC,26,K
wksht_48242039,Deny Dytham,person_7388,15,NC,19,6
wksht_62157247,Leonie Baldini,person_9050,13,NC,16,5
wksht_14971076,Curcio Merrington,person_5326,8,NC,20,6
wksht_31037135,Almira Wallage,person_0870,15,C,15,6
wksht_03849027,Connie Reaney,person_6754,13,C,12,K
wksht_81918570,Audie Vedikhov,person_7347,3,C,34,6
wksht_62337904,Lucais Spellesy,person_9113,1,NC,26,6
wksht_17122951,Katrinka Nolleau,person_6709,12,C,20,K
wksht_69270678,Hadrian Wyborn,person_3829,8,C,44,K
wksht_88163902,Teena Coultas,person_9767,1,C,8,5
wksht_26993359,Kenyon Sissens,person_5934,14,C,49,6
wksht_92715139,Karen Palliser,person_8850,17,C,5,6
wksht_63983468,Brigitte Laffan,person_0813,6,NC,43,K
wksht_95999177,Patsy Mergue,person_4503,5,C,20,K
wksht_83729475,Alvy Ledwich,person_5872,4,C,27,K
wksht_95468830,Farlie Forten,person_8675,12,C,20,K
wksht_36317495,Abbi Neljes,person_3070,11,C,2,K
wksht_97311788,Noby Stuckey,person_0705,5,NC,49,4
wksht_87398344,Kathrine Rodman,person_3262,20,NC,31,6
wksht_81955873,Inglis Holgan,person_5442,2,C,46,K
wksht_18768408,Pam Cadany,person_8202,16,NC,48,K
wksht_59396987,Konstanze Hamper,person_7826,19,C,3,6
wksht_50136356,Emogene Eixenberger,person_2561,5,NC,7,K
wksht_55433195,Dixie Stonhewer,person_6346,8,NC,32,6
wksht_40341561,Loralyn Kaplan,person_8299,16,NC,20,6
wksht_36594176,Jeffy Meineking,person_8924,6,C,44,K
wksht_37692835,Rusty Deinhardt,person_8496,16,C,49,4
wksht_14024292,Fancie Duffet,person_6558,15,C,4,K
wksht_81404620,Jeniece Avrahamian,person_2985,7,C,13,6
wksht_86237123,Kai Sidworth,person_4289,19,C,16,K
wksht_65993463,Neala Hourigan,person_7768,5,C,26,6
wksht_41330350,Adelina Beckinsale,person_4511,3,C,41,4
wksht_32636328,Quinn Champkins,person_4353,10,NC,6,2
wksht_34026384,Edd Stryde,person_5574,16,C,52,K
wksht_08596777,Vikky Southwell,person_9195,20,C,33,5
wksht_43493472,Guglielmo Roughley,person_1626,11,C,41,6
wksht_88785037,Leonanie Clulee,person_0146,12,C,33,6
wksht_23796583,Shir Scimonelli,person_5099,8,NC,7,K
wksht_11904642,Easter Kersley,person_2145,10,C,33,K
wksht_77890580,Olympie Frift,person_0002,15,NC,16,6
wksht_43364260,Enid Clayhill,person_0125,10,C,1,K
wksht_88369752,Maryellen Kanzler,person_6584,15,NC,31,K
wksht_67702975,Danya Van der Krui,person_8073,3,C,31,K
wksht_54374456,Dominic Aylward,person_3845,15,C,4,K
wksht_55519515,Merle Walker,person_7512,15,C,17,6
wksht_05629185,Tye Aggis,person_1318,18,C,10,K
wksht_03611843,Ashlan Dowse,person_7108,20,NC,26,K
wksht_00464210,Myrta Hinz,person_9672,16,C,6,2
wksht_40296087,Aimee Colthurst,person_1326,15,C,16,K
wksht_81500426,Tiertza Binestead,person_5761,16,C,48,K
wksht_15755821,Jolee Olech,person_7321,5,NC,12,6
wksht_17376377,Marti Kytter,person_7308,2,C,24,K
wksht_78927548,Diannne Ridout,person_2873,10,C,4,K
wksht_08258638,Ossie Prall,person_9356,13,C,38,K
wksht_08858790,Louisa Tankard,person_7283,7,NC,48,K
wksht_91991445,Enoch Lamcken,person_6756,11,NC,44,K
wksht_62805772,Shawna Kunrad,person_5176,8,NC,3,K
wksht_87996218,Reena Embleton,person_1744,19,C,13,K
wksht_55775243,Olly Spellward,person_2393,2,C,9,5
wksht_97144462,Fletcher Prandoni,person_6031,5,C,46,K
wksht_79089543,Denni O'Hanlon,person_5774,16,C,6,K
wksht_67845193,Penrod Larder,person_2225,1,C,20,5
wksht_54573277,Bellanca Gorries,person_6983,16,C,28,K
wksht_16433312,Gaultiero Domenge,person_2291,7,C,49,5
wksht_26904798,Jessamyn Gierok,person_0605,9,NC,18,3
wksht_53579096,My Fierman,person_6982,16,C,10,5
wksht_93325256,Sancho Dyte,person_9787,11,NC,20,K
wksht_79659956,Charita Strothers,person_1377,4,NC,44,K
wksht_79923233,Rhodie Dupree,person_4758,3,C,22,6
wksht_38886447,Davidde Brandrick,person_3223,16,NC,34,4
wksht_29788530,Deny Gimblet,person_1098,11,C,7,K
wksht_54228247,Micki Isenor,person_5801,1,C,16,K
wksht_38561311,Florinda Soldan,person_2537,8,NC,1,K
wksht_92601927,Rudiger Mundle,person_5047,10,C,30,K
wksht_69949583,Werner Petrussi,person_1578,9,C,31,K
wksht_31016421,Abbie Portriss,person_5914,6,C,52,6
wksht_16635613,Georgie Longden,person_2196,20,C,5,K
wksht_99486281,Gorden Espada,person_1370,19,C,9,4
wksht_11045064,Jakie O'Hollegan,person_8187,14,NC,47,K
wksht_41974662,Willis Schoenfisch,person_4026,18,C,45,K
wksht_57388287,Krishna Baselli,person_8515,1,C,31,6
wksht_33978964,Jacqueline Priddy,person_7670,3,C,42,6
wksht_36557785,Helli Trymme,person_1380,6,NC,9,K
wksht_90746981,Christy Tarn,person_1136,19,NC,24,6
wksht_20483344,Milzie Bortoloni,person_4916,4,NC,46,3
wksht_77717923,Henrie Clausson,person_1333,13,C,1,6
wksht_92039111,Andrey Peterson,person_0087,20,C,38,K
wksht_51542689,Evey Paxman,person_9843,19,NC,48,4
wksht_12890360,Johnath Keelin,person_1876,7,C,7,6
wksht_03409298,Mallorie Sartin,person_2802,20,C,29,K
wksht_04137549,Mabelle Dovington,person_6089,14,C,49,K
wksht_84233382,Mathilde Jodrellec,person_4626,5,C,48,K
wksht_83110211,Carola Powers,person_9275,15,NC,48,6
wksht_68527247,Dorie Clethro,person_5521,12,C,17,4
wksht_52598594,Chevy Ludlow,person_3030,3,NC,18,4
wksht_66621584,Deirdre McLagan,person_0417,12,NC,52,K
wksht_99475991,Katy Gathercole,person_4735,11,C,18,4
wksht_55233850,Gus Davio,person_8177,6,NC,47,K
wksht_79433847,Debora McWilliams,person_2826,19,NC,12,6
wksht_99968391,Trista Ruddy,person_2627,16,C,46,K
wksht_50263402,Godart Mateev,person_2411,7,C,30,K
wksht_30532487,Katharina Amps,person_8056,13,C,32,K
wksht_64114676,Rafaellle Broy,person_0401,12,NC,21,K
wksht_94735533,Isabelle Kendrick,person_1630,19,C,45,K
wksht_07063252,Cyndia Hoxey,person_1028,20,NC,27,6
wksht_20411236,Margalo Chant,person_2115,7,C,52,K
wksht_04310178,Ynes Kobieriecki,person_7039,7,C,50,K
wksht_83181062,Evyn Deverell,person_1499,15,C,42,3
wksht_19937146,Dynah Petrovsky,person_8776,2,NC,52,6
wksht_70930257,Herb Borman,person_2194,19,NC,34,6
wksht_88445636,Jacynth Durran,person_5112,14,C,13,6
wksht_47217494,Jaine Heardman,person_2995,16,C,9,6
wksht_79153867,Alverta Hawler,person_8383,10,NC,7,K
wksht_78230977,Gallard Gorring,person_8235,11,NC,15,K
wksht_85814232,Cazzie Denne,person_5075,15,NC,5,K
wksht_26387986,Olga Bedrosian,person_4509,11,NC,23,5
wksht_95689978,Tadio Harler,person_0363,4,NC,2,K
wksht_09054064,Leonhard Kaes,person_3813,11,C,47,4
wksht_08846076,Antonina Masedon,person_5176,15,NC,21,5
wksht_83723270,Jandy Yarnold,person_3622,11,NC,41,K
wksht_09224463,Guglielma Shotbolt,person_5736,2,NC,47,6
wksht_59772122,Addia Sprague,person_1768,16,C,30,6
wksht_01040129,Swen Andrich,person_5334,17,C,43,K
wksht_06721593,Veronica Jakubovits,person_1941,16,NC,35,6
wksht_04790475,Cecily Brydell,person_3446,3,NC,30,K
wksht_25711981,Morgen Bukac,person_1095,11,C,48,K
wksht_85588296,Kala Syce,person_7443,20,NC,32,5
wksht_70084989,Carleton McGeady,person_9889,8,C,8,4
wksht_57444412,Coralie Burchfield,person_6993,19,NC,50,5
wksht_86887846,Jacintha Stringer,person_2184,5,NC,35,5
wksht_31086395,Ileane McGennis,person_8654,8,NC,36,K
wksht_96586536,Lucio Pennaman,person_6833,13,NC,32,K
wksht_24761487,Gael Basilone,person_0374,13,NC,33,6
wksht_88894336,Pail Stolle,person_1909,12,NC,40,5
wksht_08685536,Marta O' Driscoll,person_1120,19,NC,9,5
wksht_95116176,Marcos Craker,person_2381,10,NC,13,K
wksht_11008235,Corene Shackelton,person_7846,2,NC,28,6
wksht_04648628,Lorraine Schwandner,person_1437,9,NC,35,6
wksht_14013956,Ashia Shone,person_1833,14,C,10,K
wksht_66308172,Orazio Kneafsey,person_5640,10,C,17,K
wksht_28132118,Anjela Hellcat,person_4250,9,NC,46,K
wksht_30612319,Tailor Brassington,person_8541,10,C,9,4
wksht_99249551,Devora Cornall,person_5210,9,NC,31,4
wksht_06466464,Frants Hegge,person_5480,13,NC,47,6
wksht_93074332,Eloise Colvill,person_2352,7,C,21,5
wksht_55047411,Etti Terrell,person_4223,12,NC,38,K
wksht_82692666,Javier Cruise,person_0052,17,NC,34,K
wksht_93550358,Kinsley Bartoletti,person_4303,9,C,8,K
wksht_93408327,Torrance Sparry,person_0806,5,C,45,4
wksht_16205450,Abramo Pfertner,person_1524,5,NC,13,6
wksht_21240037,Brenda Swayte,person_1092,14,C,20,6
wksht_10980374,Tamma Loisi,person_1294,12,NC,18,K
wksht_36483925,Essy Frankcombe,person_8936,11,NC,19,K
wksht_67102717,Anna-diana Pietz,person_7391,7,NC,51,6
wksht_43440747,Sherm Branche,person_4339,4,C,7,K
wksht_35825353,Kennie Spurden,person_8923,7,NC,17,5
wksht_24637392,Valma Wilby,person_7807,17,C,20,5
wksht_21465404,Reider Daniaud,person_2786,18,C,31,6
wksht_82644638,Timmie Keeton,person_6185,19,NC,5,1
